<?xml version="1.0" encoding="utf-8"?>
<manifest xmlns:android="http://schemas.android.com/apk/res/android" package="tutorial.demo.ARFoundationDemo" xmlns:tools="http://schemas.android.com/tools" android:installLocation="preferExternal">
  <supports-screens android:smallScreens="true" android:normalScreens="true" android:largeScreens="true" android:xlargeScreens="true" android:anyDensity="true" />
  <application android:theme="@style/UnityThemeSelector" android:icon="@mipmap/app_icon" android:label="@string/app_name">
    <activity android:name="com.unity3d.player.UnityPlayerActivity" android:label="@string/app_name">
      <intent-filter>
        <action android:name="android.intent.action.MAIN" />
        <category android:name="android.intent.category.LAUNCHER" />
      </intent-filter>
      <meta-data android:name="unityplayer.UnityActivity" android:value="true" />
    </activity>
  </application>
</manifest>